<?xml version="1.0" ?>
<ArchiveTransfer xmlns:xsi="http://www.w3.org/2001/XMLSchema-instance"
 xsi:schemaLocation="fr:gouv:culture:archivesdefrance:seda:v2.0 ../../Bureau/BA/Sch%D0%92mas/seda-2.0-main.xsd"
 xmlns="fr:gouv:culture:archivesdefrance:seda:v2.0" xmlns:pr="info:lc/xmlns/premis-v2"
 xmlns:xlink="http://www.w3.org/1999/xlink" xml:id="ID1">
    <Comment>SIP Gallieni</Comment>
    <Date>2016-10-18T14:52:27</Date>
    <MessageIdentifier>SIP Gallieni</MessageIdentifier>
    <ArchivalAgreement>ArchivalAgreement0</ArchivalAgreement>
    <CodeListVersions>
        <ReplyCodeListVersion>ReplyCodeListVersion0</ReplyCodeListVersion>
        <MessageDigestAlgorithmCodeListVersion>MessageDigestAlgorithmCodeListVersion0</MessageDigestAlgorithmCodeListVersion>
        <MimeTypeCodeListVersion>MimeTypeCodeListVersion0</MimeTypeCodeListVersion>
        <EncodingCodeListVersion>EncodingCodeListVersion0</EncodingCodeListVersion>
        <FileFormatCodeListVersion>FileFormatCodeListVersion0</FileFormatCodeListVersion>
        <CompressionAlgorithmCodeListVersion>CompressionAlgorithmCodeListVersion0</CompressionAlgorithmCodeListVersion>
        <DataObjectVersionCodeListVersion>DataObjectVersionCodeListVersion0</DataObjectVersionCodeListVersion>
        <StorageRuleCodeListVersion>StorageRuleCodeListVersion0</StorageRuleCodeListVersion>
        <AppraisalRuleCodeListVersion>AppraisalRuleCodeListVersion0</AppraisalRuleCodeListVersion>
        <AccessRuleCodeListVersion>AccessRuleCodeListVersion0</AccessRuleCodeListVersion>
        <DisseminationRuleCodeListVersion>DisseminationRuleCodeListVersion0</DisseminationRuleCodeListVersion>
        <ReuseRuleCodeListVersion>ReuseRuleCodeListVersion0</ReuseRuleCodeListVersion>
        <ClassificationRuleCodeListVersion>ClassificationRuleCodeListVersion0</ClassificationRuleCodeListVersion>
        <AuthorizationReasonCodeListVersion>AuthorizationReasonCodeListVersion0</AuthorizationReasonCodeListVersion>
        <RelationshipCodeListVersion>RelationshipCodeListVersion0</RelationshipCodeListVersion>
    </CodeListVersions>
    <DataObjectPackage xml:id="ID2">
        <BinaryDataObject id="ID7">
            <DataObjectGroupId>ID6</DataObjectGroupId>
            <DataObjectVersion>BinaryMaster</DataObjectVersion>
            <Uri>Content/df3c1f0fe7bf3ef61bdc5fb6148efa1e3638ee4e933a3fab26203d95634caf6c1b7393cdf908d797088da07554e523571803462b07c807744f25d78aa7038a16.jpg</Uri>
            <MessageDigest algorithm="SHA-512"
                >df3c1f0fe7bf3ef61bdc5fb6148efa1e3638ee4e933a3fab26203d95634caf6c1b7393cdf908d797088da07554e523571803462b07c807744f25d78aa7038a16</MessageDigest>
            <Size>127244</Size>
            <FormatIdentification>
                <FormatLitteral>JPEG File Interchange Format</FormatLitteral>
                <MimeType>image/jpeg</MimeType>
                <FormatId>fmt/43</FormatId>
            </FormatIdentification>
            <FileInfo>
                <Filename>Gallieni Source</Filename>
                <LastModified>2016-06-03T15:28:00.000+02:00</LastModified>
            </FileInfo>
        </BinaryDataObject>
        <BinaryDataObject id="ID11">
            <DataObjectGroupReferenceId>ID6</DataObjectGroupReferenceId>
            <DataObjectVersion>Dissemination</DataObjectVersion>
            <Uri>Content/0f1ddc38a1eb38d401e394c057db3f2ebc646fd1cd0c06e7dc680c19d89c05f74815cbf27399fafe111192bcb4c0e246186cc8cc430c6ff7fe52a7fdbd2110f7.png</Uri>
            <MessageDigest algorithm="SHA-512"
                >0f1ddc38a1eb38d401e394c057db3f2ebc646fd1cd0c06e7dc680c19d89c05f74815cbf27399fafe111192bcb4c0e246186cc8cc430c6ff7fe52a7fdbd2110f7</MessageDigest>
            <Size>57850</Size>
            <FormatIdentification>
                <FormatLitteral>Portable Network Graphics</FormatLitteral>
                <MimeType>image/png</MimeType>
                <FormatId>fmt/12</FormatId>
            </FormatIdentification>
            <FileInfo>
                <Filename>Gallieni pour diffusion</Filename>
                <LastModified>2016-06-03T15:28:00.000+02:00</LastModified>
            </FileInfo>
        </BinaryDataObject>
        <BinaryDataObject id="ID17">
            <DataObjectGroupReferenceId>ID6</DataObjectGroupReferenceId>
            <DataObjectVersion>Thumbnail</DataObjectVersion>
            <Uri>Content/04a5b5a5db9a4505d75f024af9379d0fc9b1d50f0eff8a6f1a7caa299a689639b57e4ace0f562643ab0822f7ea33e0539635fb8201a1bfacaab4210cd7236b82.jpg</Uri>
            <MessageDigest algorithm="SHA-512"
                >04a5b5a5db9a4505d75f024af9379d0fc9b1d50f0eff8a6f1a7caa299a689639b57e4ace0f562643ab0822f7ea33e0539635fb8201a1bfacaab4210cd7236b82</MessageDigest>
            <Size>44266</Size>
            <FormatIdentification>
                <FormatLitteral>JPEG File Interchange Format</FormatLitteral>
                <MimeType>image/jpeg</MimeType>
                <FormatId>fmt/44</FormatId>
            </FormatIdentification>
            <FileInfo>
                <Filename>Gallieni vignette</Filename>
                <LastModified>2016-06-03T15:28:00.000+02:00</LastModified>
            </FileInfo>
        </BinaryDataObject>
   
        <DescriptiveMetadata>
            <ArchiveUnit id="ID3">
                <Content>
                    <DescriptionLevel>RecordGrp</DescriptionLevel>
                    <Title>Gambetta par producteur1</Title>
                    <Description>Station Gambetta ligne 3 Paris</Description>
                    <StartDate>2016-06-03T15:28:00</StartDate>
                    <EndDate>2016-06-03T15:28:00</EndDate>
                </Content>
                <ArchiveUnit id="ID4">
                    <Content>
                        <DescriptionLevel>RecordGrp</DescriptionLevel>
                        <Title>Porte de Bagnolet par producteur1</Title>
			<OriginatingSystemId>OriginatingSystemId_00</OriginatingSystemId>
                        <Description>Station Porte de Bagnolet ligne 3 Paris</Description>
                        <StartDate>2016-06-03T15:28:00</StartDate>
                        <EndDate>2016-06-03T15:28:00</EndDate>

                    </Content>
                    <ArchiveUnit id="ID5">
                        <Content>
                            <DescriptionLevel>RecordGrp</DescriptionLevel>
                            <Title>Gallieni par producteur1</Title>
                            <Description>Station Gambetta ligne 3 Paris</Description>
                            <StartDate>2016-06-03T15:28:00</StartDate>
                            <EndDate>2016-06-03T15:28:00</EndDate>
                        </Content>   
                        <DataObjectReference>
                            <DataObjectGroupReferenceId>ID6</DataObjectGroupReferenceId>
                        </DataObjectReference>
                    </ArchiveUnit>
                </ArchiveUnit>
            </ArchiveUnit>
                  
        </DescriptiveMetadata>
        <ManagementMetadata>
            <OriginatingAgencyIdentifier>producteur1</OriginatingAgencyIdentifier>
        </ManagementMetadata>
    </DataObjectPackage>
    <ArchivalAgency>
        <Identifier>Identifier4</Identifier>
    </ArchivalAgency>
    <TransferringAgency>
        <Identifier>Identifier5</Identifier>
    </TransferringAgency>
</ArchiveTransfer>
